URL,AllMessagesFlag
https://t.me/Alfred_Config,false
https://t.me/AliAlma_GSM,false
https://t.me/Alpha_V2ray_Iran,false
https://t.me/ArV2ray,false
https://t.me/Awlix_ir,false
https://t.me/CUSTOMIZEGP,false
https://t.me/CUSTOMVPNSERVER,false
https://t.me/Capital_NET,false
https://t.me/CloudCityy,false
https://t.me/Configforvpn01,false
https://t.me/ConfigsHUB,false
https://t.me/CookVip,false
https://t.me/Cov2ray,false
https://t.me/DailyV2RY,false
https://t.me/DarkTeam_VPN,false
https://t.me/DarkVPNpro,false
https://t.me/DeamNet_proxy,false
https://t.me/s/Ahmedhamoomi_Servers,false
https://t.me/s/Airdorap_Free,false
https://t.me/s/AliAlma_GSM,false
https://t.me/s/Alpha_V2ray_Iran,false
https://t.me/s/An0nymousTeam,false
https://t.me/s/ArV2ray,false
https://t.me/s/Awlix_ir,false
https://t.me/s/SudoFlux,false
https://t.me/URL,false
https://t.me/s/Ae_proxy,false
https://t.me/s/AmyraxVPN,false
